"","Rank","Team","Points","Previous","ID"
"1","0","0","0","0",0
"2","Rank","Team","Points","Previous",983
"3","1","University of Texas","2614","1",983
"4","2","Stanford University","2528","2",983
"5","3","Princeton University","2320","3",983
"6","4","University of California, Berkeley","2189","4",983
"7","5","University of Tennessee","2129","5",983
"8","6","Yale University","1996","7",983
"9","7","Brown University","1963","6",983
"10","8","University of Washington","1769","8",983
"11","9","University of Michigan","1596","9",983
"12","10","Syracuse University","1547","10",983
"13","11","University of Pennsylvania","1353","11",983
"14","12","The Ohio State University","1287","12",983
"15","13","Rutgers University","1175","13",983
"16","14","Indiana University","1079","14",983
"17","15","Duke University","1075","15",983
"18","16","University of Virginia","956","16",983
"19","17","Washington State University","491","17",983
"20","18","Columbia University","338","18",983
"21","19","University of Alabama","328","19",983
"22","20","Harvard-Radcliffe","307","20",983
"23","Rank","Team","Points","Previous",977
"24","1","University of Texas","2614","1",977
"25","2","Stanford University","2531","2",977
"26","3","Princeton University","2308","3",977
"27","4","University of California, Berkeley","2161","4",977
"28","5","University of Tennessee","2152","5",977
"29","6","Brown University","2005","7",977
"30","7","Yale University","2001","6",977
"31","8","University of Washington","1749","8",977
"32","9","University of Michigan","1591","9",977
"33","10","Syracuse University","1531","10",977
"34","11","University of Pennsylvania","1369","11",977
"35","12","The Ohio State University","1285","12",977
"36","13","Rutgers University","1194","13",977
"37","14","Indiana University","1096","15",977
"38","15","Duke University","1066","14",977
"39","16","University of Virginia","938","16",977
"40","17","Washington State University","480","17",977
"41","18","University of Alabama","326","18",977
"42","19","Columbia University","311","19",977
"43","20","Harvard-Radcliffe","297","20",977
"44","Rank","Team","Points","Previous",969
"45","1","University of Texas","2614","2",969
"46","2","Stanford University","2528","1",969
"47","3","Princeton University","2308","3",969
"48","4","University of California, Berkeley","2201","4",969
"49","5","University of Tennessee","2133","5",969
"50","6","Yale University","2005","6",969
"51","7","Brown University","1953","7",969
"52","8","University of Washington","1780","8",969
"53","9","University of Michigan","1593","9",969
"54","10","Syracuse University","1542","10",969
"55","11","University of Pennsylvania","1362","11",969
"56","12","The Ohio State University","1265","14",969
"57","13","Rutgers University","1154","13",969
"58","14","Duke University","1086","16",969
"59","15","Indiana University","1078","15",969
"60","16","University of Virginia","961","12",969
"61","17","Washington State University","433","18",969
"62","18","University of Alabama","305","NR",969
"63","19","Columbia University","284","19",969
"64","20","Harvard-Radcliffe","281","20",969
"65","Rank","Team","Points","Previous",961
"66","1","Stanford University","2605","1",961
"67","2","University of Texas","2522","2",961
"68","3","Princeton University","2319","3",961
"69","4","University of California, Berkeley","2184","4",961
"70","5","University of Tennessee","2066","15",961
"71","6","Yale University","2063","6",961
"72","7","Brown University","1956","5",961
"73","8","University of Washington","1770","7",961
"74","9","University of Michigan","1606","9",961
"75","10","Syracuse University","1534","8",961
"76","11","University of Pennsylvania","1405","10",961
"77","12","University of Virginia","1202","11",961
"78","13","Rutgers University","1157","13",961
"79","14","The Ohio State University","1144","12",961
"80","15","Indiana University","1109","16",961
"81","16","Duke University","1053","14",961
"82","17","Oregon State University","718","17",961
"83","18","Washington State University","256","19",961
"84","19","Columbia University","244","20",961
"85","20","Harvard-Radcliffe","242","18",961
"86","Rank","Team","Points","Previous",951
"87","1","Stanford University","2503","1",951
"88","2","University of Texas","2411","2",951
"89","3","Princeton University","2263","3",951
"90","4","University of California, Berkeley","2077","4",951
"91","5","Brown University","2007","6",951
"92","6","Yale University","1983","5",951
"93","7","University of Washington","1783","7",951
"94","8","Syracuse University","1666","8",951
"95","9","University of Michigan","1601","9",951
"96","10","University of Pennsylvania","1464","10",951
"97","11","University of Virginia","1281","11",951
"98","12","The Ohio State University","1213","12",951
"99","13","Rutgers University","1143","15",951
"100","14","Duke University","1132","13",951
"101","15","University of Tennessee","1023","14",951
"102","16","Indiana University","921","16",951
"103","17","Oregon State University","715","17",951
"104","18","Harvard-Radcliffe","303","18",951
"105","19","Washington State University","297","19",951
"106","20","Columbia University","249","NR",951
"107","Rank","Team","Points","Previous",945
"108","1","Stanford University","2577","1",945
"109","2","University of Texas","2530","4",945
"110","3","Princeton University","2398","2",945
"111","4","University of California, Berkeley","2120","7",945
"112","5","Yale University","2085","5",945
"113","6","Brown University","2015","6",945
"114","7","University of Washington","1939","3",945
"115","8","Syracuse University","1805","8",945
"116","9","University of Michigan","1601","9",945
"117","10","University of Pennsylvania","1586","10",945
"118","11","University of Virginia","1353","11",945
"119","12","The Ohio State University","1306","12",945
"120","13","Duke University","1239","13",945
"121","14","University of Tennessee","1051","15",945
"122","15","Rutgers University","1049","14",945
"123","16","Indiana University","958","16",945
"124","17","Oregon State University","584","18",945
"125","18","Harvard-Radcliffe","462","19",945
"126","19","Washington State University","274","NR",945
"127","20","University of Southern California","265","17",945
"128","Rank","Team","Points","Previous",939
"129","1","Stanford University","2617","1",939
"130","2","Princeton University","2357","3",939
"131","3","University of Washington","2340","2",939
"132","4","University of Texas","2205","4",939
"133","5","Yale University","2118","5",939
"134","6","Brown University","2008","6",939
"135","7","University of California, Berkeley","1766","7",939
"136","8","Syracuse University","1729","8",939
"137","9","University of Michigan","1656","9",939
"138","10","University of Pennsylvania","1608","10",939
"139","11","University of Virginia","1388","11",939
"140","12","The Ohio State University","1358","12",939
"141","13","Duke University","1257","15",939
"142","14","Rutgers University","1077","13",939
"143","15","University of Tennessee","966","16",939
"144","16","Indiana University","903","14",939
"145","17","University of Southern California","537","17",939
"146","18","Oregon State University","454","20",939
"147","19","Harvard-Radcliffe","445","18",939
"148","20","University of California, Los Angeles","439","19",939
"149","Rank","Team (First Place Votes)","Previous","Points",924
"150","1","Princeton University","1","2380",924
"151","2","University of Texas","2","2351",924
"152","3","Yale University","3","2220",924
"153","4","Stanford University","4","2152",924
"154","5","University of Washington","6","1940",924
"155","6","University of Pennsylvania","8","1907",924
"156","7","Brown University","5","1833",924
"157","8","University of Virginia","9","1581",924
"158","9","University of California, Berkeley","7","1573",924
"159","10","Syracuse University","10","1390",924
"160","11","University of Michigan","11","1374",924
"161","12","The Ohio State University","13","1285",924
"162","13","Southern Methodist University","12","1146",924
"163","14","Duke University","14","1118",924
"164","15","Rutgers University","16","822",924
"165","16","Indiana University","15","800",924
"166","17","Harvard-Radcliffe","17","524",924
"167","18","University of Southern California","NR","523",924
"168","19","Oregon State University","19","427",924
"169","20","University of Tennessee","NR","353",924
"170","Rank","Team (First Place Votes)","Previous","Points",914
"171","1","Princeton University (18)","1","2452",914
"172","2","University of Texas","2","2354",914
"173","3","Yale University","3","2252",914
"174","4","Stanford University (1)","4","2203",914
"175","5","Brown University","5","1947",914
"176","6","University of Washington","6","1884",914
"177","7","University of California, Berkeley","7","1766",914
"178","8","University of Pennsylvania","8","1656",914
"179","9","University of Virginia","9","1506",914
"180","10","Syracuse University","10","1495",914
"181","11","University of Michigan","11","1399",914
"182","12","Southern Methodist University","12","1238",914
"183","13","The Ohio State University","13","1157",914
"184","14","Duke University","14","1149",914
"185","15","Indiana University","16","762",914
"186","16","Rutgers University","18","627",914
"187","17","Harvard-Radcliffe","15","580",914
"188","18","University of Iowa","NR","480",914
"189","19","Oregon State University","NR","451",914
"190","20","Columbia University","20","335",914
"191","Rank","Team (First Place Votes)","Previous","Votes",903
"192","1","Princeton University (20)","4","2710",903
"193","2","University of Texas","1","2598",903
"194","3","Yale University","3","2505",903
"195","4","Stanford University (1)","2","2444",903
"196","5","Brown University","5","2124",903
"197","6","University of Washington","6","2058",903
"198","7","University of California, Berkeley","7","1937",903
"199","8","University of Pennsylvania","8","1726",903
"200","9","University of Virginia","10","1655",903
"201","10","Syracuse University","9","1565",903
"202","11","University of Michigan","11","1543",903
"203","12","Southern Methodist University","13","1389",903
"204","13","The Ohio State University","12","1285",903
"205","14","Duke University","14","1283",903
"206","15","Harvard-Radcliffe","15","807",903
"207","16","Indiana University","20","792",903
"208","17","University of Southern California","17","648",903
"209","18","Rutgers University","16","634",903
"210","19","University of Tennessee","NR","383",903
"211","20","Columbia University","NR","360",903
"212","Rank","Team (First Place Votes)","Previous","Votes",896
"213","1","University of Texas (22)","1","2858",896
"214","2","Stanford University","2","2645",896
"215","3","Yale University","3","2594",896
"216","4","Princeton University","4","2371",896
"217","5","Brown University","T-6","2202",896
"218","6","University of Washington","5","2146",896
"219","7","University of California, Berkeley","T-6","2010",896
"220","8","University of Pennsylvania","10","1834",896
"221","9","Syracuse University","8","1769",896
"222","10","University of Virginia","9","1764",896
"223","11","University of Michigan","11","1656",896
"224","12","The Ohio State University","12","1513",896
"225","13","Southern Methodist University","13","1481",896
"226","14","Duke University","14","1180",896
"227","15","Harvard-Radcliffe","15","1016",896
"228","16","Rutgers University","16","730",896
"229","17","University of Southern California","17","701",896
"230","18","Oregon State University","18","475",896
"231","19","University of Iowa","T-19","386",896
"232","20","Indiana University","T-19","348",896
"233","Rank","Team","Points","Previous",983
"234","1","University of Texas","2614","1",983
"235","2","Stanford University","2528","2",983
"236","3","Princeton University","2320","3",983
"237","4","University of California, Berkeley","2189","4",983
"238","5","University of Tennessee","2129","5",983
"239","6","Yale University","1996","7",983
"240","7","Brown University","1963","6",983
"241","8","University of Washington","1769","8",983
"242","9","University of Michigan","1596","9",983
"243","10","Syracuse University","1547","10",983
"244","11","University of Pennsylvania","1353","11",983
"245","12","The Ohio State University","1287","12",983
"246","13","Rutgers University","1175","13",983
"247","14","Indiana University","1079","14",983
"248","15","Duke University","1075","15",983
"249","16","University of Virginia","956","16",983
"250","17","Washington State University","491","17",983
"251","18","Columbia University","338","18",983
"252","19","University of Alabama","328","19",983
"253","20","Harvard-Radcliffe","307","20",983
"254","Rank","Team","Points","Previous",977
"255","1","University of Texas","2614","1",977
"256","2","Stanford University","2531","2",977
"257","3","Princeton University","2308","3",977
"258","4","University of California, Berkeley","2161","4",977
"259","5","University of Tennessee","2152","5",977
"260","6","Brown University","2005","7",977
"261","7","Yale University","2001","6",977
"262","8","University of Washington","1749","8",977
"263","9","University of Michigan","1591","9",977
"264","10","Syracuse University","1531","10",977
"265","11","University of Pennsylvania","1369","11",977
"266","12","The Ohio State University","1285","12",977
"267","13","Rutgers University","1194","13",977
"268","14","Indiana University","1096","15",977
"269","15","Duke University","1066","14",977
"270","16","University of Virginia","938","16",977
"271","17","Washington State University","480","17",977
"272","18","University of Alabama","326","18",977
"273","19","Columbia University","311","19",977
"274","20","Harvard-Radcliffe","297","20",977
"275","Rank","Team","Points","Previous",969
"276","1","University of Texas","2614","2",969
"277","2","Stanford University","2528","1",969
"278","3","Princeton University","2308","3",969
"279","4","University of California, Berkeley","2201","4",969
"280","5","University of Tennessee","2133","5",969
"281","6","Yale University","2005","6",969
"282","7","Brown University","1953","7",969
"283","8","University of Washington","1780","8",969
"284","9","University of Michigan","1593","9",969
"285","10","Syracuse University","1542","10",969
"286","11","University of Pennsylvania","1362","11",969
"287","12","The Ohio State University","1265","14",969
"288","13","Rutgers University","1154","13",969
"289","14","Duke University","1086","16",969
"290","15","Indiana University","1078","15",969
"291","16","University of Virginia","961","12",969
"292","17","Washington State University","433","18",969
"293","18","University of Alabama","305","NR",969
"294","19","Columbia University","284","19",969
"295","20","Harvard-Radcliffe","281","20",969
"296","Rank","Team","Points","Previous",961
"297","1","Stanford University","2605","1",961
"298","2","University of Texas","2522","2",961
"299","3","Princeton University","2319","3",961
"300","4","University of California, Berkeley","2184","4",961
"301","5","University of Tennessee","2066","15",961
"302","6","Yale University","2063","6",961
"303","7","Brown University","1956","5",961
"304","8","University of Washington","1770","7",961
"305","9","University of Michigan","1606","9",961
"306","10","Syracuse University","1534","8",961
"307","11","University of Pennsylvania","1405","10",961
"308","12","University of Virginia","1202","11",961
"309","13","Rutgers University","1157","13",961
"310","14","The Ohio State University","1144","12",961
"311","15","Indiana University","1109","16",961
"312","16","Duke University","1053","14",961
"313","17","Oregon State University","718","17",961
"314","18","Washington State University","256","19",961
"315","19","Columbia University","244","20",961
"316","20","Harvard-Radcliffe","242","18",961
"317","Rank","Team","Points","Previous",951
"318","1","Stanford University","2503","1",951
"319","2","University of Texas","2411","2",951
"320","3","Princeton University","2263","3",951
"321","4","University of California, Berkeley","2077","4",951
"322","5","Brown University","2007","6",951
"323","6","Yale University","1983","5",951
"324","7","University of Washington","1783","7",951
"325","8","Syracuse University","1666","8",951
"326","9","University of Michigan","1601","9",951
"327","10","University of Pennsylvania","1464","10",951
"328","11","University of Virginia","1281","11",951
"329","12","The Ohio State University","1213","12",951
"330","13","Rutgers University","1143","15",951
"331","14","Duke University","1132","13",951
"332","15","University of Tennessee","1023","14",951
"333","16","Indiana University","921","16",951
"334","17","Oregon State University","715","17",951
"335","18","Harvard-Radcliffe","303","18",951
"336","19","Washington State University","297","19",951
"337","20","Columbia University","249","NR",951
"338","Rank","Team","Points","Previous",945
"339","1","Stanford University","2577","1",945
"340","2","University of Texas","2530","4",945
"341","3","Princeton University","2398","2",945
"342","4","University of California, Berkeley","2120","7",945
"343","5","Yale University","2085","5",945
"344","6","Brown University","2015","6",945
"345","7","University of Washington","1939","3",945
"346","8","Syracuse University","1805","8",945
"347","9","University of Michigan","1601","9",945
"348","10","University of Pennsylvania","1586","10",945
"349","11","University of Virginia","1353","11",945
"350","12","The Ohio State University","1306","12",945
"351","13","Duke University","1239","13",945
"352","14","University of Tennessee","1051","15",945
"353","15","Rutgers University","1049","14",945
"354","16","Indiana University","958","16",945
"355","17","Oregon State University","584","18",945
"356","18","Harvard-Radcliffe","462","19",945
"357","19","Washington State University","274","NR",945
"358","20","University of Southern California","265","17",945
"359","Rank","Team","Points","Previous",939
"360","1","Stanford University","2617","1",939
"361","2","Princeton University","2357","3",939
"362","3","University of Washington","2340","2",939
"363","4","University of Texas","2205","4",939
"364","5","Yale University","2118","5",939
"365","6","Brown University","2008","6",939
"366","7","University of California, Berkeley","1766","7",939
"367","8","Syracuse University","1729","8",939
"368","9","University of Michigan","1656","9",939
"369","10","University of Pennsylvania","1608","10",939
"370","11","University of Virginia","1388","11",939
"371","12","The Ohio State University","1358","12",939
"372","13","Duke University","1257","15",939
"373","14","Rutgers University","1077","13",939
"374","15","University of Tennessee","966","16",939
"375","16","Indiana University","903","14",939
"376","17","University of Southern California","537","17",939
"377","18","Oregon State University","454","20",939
"378","19","Harvard-Radcliffe","445","18",939
"379","20","University of California, Los Angeles","439","19",939
"380","Rank","Team (First Place Votes)","Previous","Points",924
"381","1","Princeton University","1","2380",924
"382","2","University of Texas","2","2351",924
"383","3","Yale University","3","2220",924
"384","4","Stanford University","4","2152",924
"385","5","University of Washington","6","1940",924
"386","6","University of Pennsylvania","8","1907",924
"387","7","Brown University","5","1833",924
"388","8","University of Virginia","9","1581",924
"389","9","University of California, Berkeley","7","1573",924
"390","10","Syracuse University","10","1390",924
"391","11","University of Michigan","11","1374",924
"392","12","The Ohio State University","13","1285",924
"393","13","Southern Methodist University","12","1146",924
"394","14","Duke University","14","1118",924
"395","15","Rutgers University","16","822",924
"396","16","Indiana University","15","800",924
"397","17","Harvard-Radcliffe","17","524",924
"398","18","University of Southern California","NR","523",924
"399","19","Oregon State University","19","427",924
"400","20","University of Tennessee","NR","353",924
"401","Rank","Team (First Place Votes)","Previous","Points",914
"402","1","Princeton University (18)","1","2452",914
"403","2","University of Texas","2","2354",914
"404","3","Yale University","3","2252",914
"405","4","Stanford University (1)","4","2203",914
"406","5","Brown University","5","1947",914
"407","6","University of Washington","6","1884",914
"408","7","University of California, Berkeley","7","1766",914
"409","8","University of Pennsylvania","8","1656",914
"410","9","University of Virginia","9","1506",914
"411","10","Syracuse University","10","1495",914
"412","11","University of Michigan","11","1399",914
"413","12","Southern Methodist University","12","1238",914
"414","13","The Ohio State University","13","1157",914
"415","14","Duke University","14","1149",914
"416","15","Indiana University","16","762",914
"417","16","Rutgers University","18","627",914
"418","17","Harvard-Radcliffe","15","580",914
"419","18","University of Iowa","NR","480",914
"420","19","Oregon State University","NR","451",914
"421","20","Columbia University","20","335",914
"422","Rank","Team (First Place Votes)","Previous","Votes",903
"423","1","Princeton University (20)","4","2710",903
"424","2","University of Texas","1","2598",903
"425","3","Yale University","3","2505",903
"426","4","Stanford University (1)","2","2444",903
"427","5","Brown University","5","2124",903
"428","6","University of Washington","6","2058",903
"429","7","University of California, Berkeley","7","1937",903
"430","8","University of Pennsylvania","8","1726",903
"431","9","University of Virginia","10","1655",903
"432","10","Syracuse University","9","1565",903
"433","11","University of Michigan","11","1543",903
"434","12","Southern Methodist University","13","1389",903
"435","13","The Ohio State University","12","1285",903
"436","14","Duke University","14","1283",903
"437","15","Harvard-Radcliffe","15","807",903
"438","16","Indiana University","20","792",903
"439","17","University of Southern California","17","648",903
"440","18","Rutgers University","16","634",903
"441","19","University of Tennessee","NR","383",903
"442","20","Columbia University","NR","360",903
"443","Rank","Team (First Place Votes)","Previous","Votes",896
"444","1","University of Texas (22)","1","2858",896
"445","2","Stanford University","2","2645",896
"446","3","Yale University","3","2594",896
"447","4","Princeton University","4","2371",896
"448","5","Brown University","T-6","2202",896
"449","6","University of Washington","5","2146",896
"450","7","University of California, Berkeley","T-6","2010",896
"451","8","University of Pennsylvania","10","1834",896
"452","9","Syracuse University","8","1769",896
"453","10","University of Virginia","9","1764",896
"454","11","University of Michigan","11","1656",896
"455","12","The Ohio State University","12","1513",896
"456","13","Southern Methodist University","13","1481",896
"457","14","Duke University","14","1180",896
"458","15","Harvard-Radcliffe","15","1016",896
"459","16","Rutgers University","16","730",896
"460","17","University of Southern California","17","701",896
"461","18","Oregon State University","18","475",896
"462","19","University of Iowa","T-19","386",896
"463","20","Indiana University","T-19","348",896
"464","Rank","Team","Points","Previous",983
"465","1","University of Texas","2614","1",983
"466","2","Stanford University","2528","2",983
"467","3","Princeton University","2320","3",983
"468","4","University of California, Berkeley","2189","4",983
"469","5","University of Tennessee","2129","5",983
"470","6","Yale University","1996","7",983
"471","7","Brown University","1963","6",983
"472","8","University of Washington","1769","8",983
"473","9","University of Michigan","1596","9",983
"474","10","Syracuse University","1547","10",983
"475","11","University of Pennsylvania","1353","11",983
"476","12","The Ohio State University","1287","12",983
"477","13","Rutgers University","1175","13",983
"478","14","Indiana University","1079","14",983
"479","15","Duke University","1075","15",983
"480","16","University of Virginia","956","16",983
"481","17","Washington State University","491","17",983
"482","18","Columbia University","338","18",983
"483","19","University of Alabama","328","19",983
"484","20","Harvard-Radcliffe","307","20",983
"485","Rank","Team","Points","Previous",977
"486","1","University of Texas","2614","1",977
"487","2","Stanford University","2531","2",977
"488","3","Princeton University","2308","3",977
"489","4","University of California, Berkeley","2161","4",977
"490","5","University of Tennessee","2152","5",977
"491","6","Brown University","2005","7",977
"492","7","Yale University","2001","6",977
"493","8","University of Washington","1749","8",977
"494","9","University of Michigan","1591","9",977
"495","10","Syracuse University","1531","10",977
"496","11","University of Pennsylvania","1369","11",977
"497","12","The Ohio State University","1285","12",977
"498","13","Rutgers University","1194","13",977
"499","14","Indiana University","1096","15",977
"500","15","Duke University","1066","14",977
"501","16","University of Virginia","938","16",977
"502","17","Washington State University","480","17",977
"503","18","University of Alabama","326","18",977
"504","19","Columbia University","311","19",977
"505","20","Harvard-Radcliffe","297","20",977
"506","Rank","Team","Points","Previous",969
"507","1","University of Texas","2614","2",969
"508","2","Stanford University","2528","1",969
"509","3","Princeton University","2308","3",969
"510","4","University of California, Berkeley","2201","4",969
"511","5","University of Tennessee","2133","5",969
"512","6","Yale University","2005","6",969
"513","7","Brown University","1953","7",969
"514","8","University of Washington","1780","8",969
"515","9","University of Michigan","1593","9",969
"516","10","Syracuse University","1542","10",969
"517","11","University of Pennsylvania","1362","11",969
"518","12","The Ohio State University","1265","14",969
"519","13","Rutgers University","1154","13",969
"520","14","Duke University","1086","16",969
"521","15","Indiana University","1078","15",969
"522","16","University of Virginia","961","12",969
"523","17","Washington State University","433","18",969
"524","18","University of Alabama","305","NR",969
"525","19","Columbia University","284","19",969
"526","20","Harvard-Radcliffe","281","20",969
"527","Rank","Team","Points","Previous",961
"528","1","Stanford University","2605","1",961
"529","2","University of Texas","2522","2",961
"530","3","Princeton University","2319","3",961
"531","4","University of California, Berkeley","2184","4",961
"532","5","University of Tennessee","2066","15",961
"533","6","Yale University","2063","6",961
"534","7","Brown University","1956","5",961
"535","8","University of Washington","1770","7",961
"536","9","University of Michigan","1606","9",961
"537","10","Syracuse University","1534","8",961
"538","11","University of Pennsylvania","1405","10",961
"539","12","University of Virginia","1202","11",961
"540","13","Rutgers University","1157","13",961
"541","14","The Ohio State University","1144","12",961
"542","15","Indiana University","1109","16",961
"543","16","Duke University","1053","14",961
"544","17","Oregon State University","718","17",961
"545","18","Washington State University","256","19",961
"546","19","Columbia University","244","20",961
"547","20","Harvard-Radcliffe","242","18",961
"548","Rank","Team","Points","Previous",951
"549","1","Stanford University","2503","1",951
"550","2","University of Texas","2411","2",951
"551","3","Princeton University","2263","3",951
"552","4","University of California, Berkeley","2077","4",951
"553","5","Brown University","2007","6",951
"554","6","Yale University","1983","5",951
"555","7","University of Washington","1783","7",951
"556","8","Syracuse University","1666","8",951
"557","9","University of Michigan","1601","9",951
"558","10","University of Pennsylvania","1464","10",951
"559","11","University of Virginia","1281","11",951
"560","12","The Ohio State University","1213","12",951
"561","13","Rutgers University","1143","15",951
"562","14","Duke University","1132","13",951
"563","15","University of Tennessee","1023","14",951
"564","16","Indiana University","921","16",951
"565","17","Oregon State University","715","17",951
"566","18","Harvard-Radcliffe","303","18",951
"567","19","Washington State University","297","19",951
"568","20","Columbia University","249","NR",951
"569","Rank","Team","Points","Previous",945
"570","1","Stanford University","2577","1",945
"571","2","University of Texas","2530","4",945
"572","3","Princeton University","2398","2",945
"573","4","University of California, Berkeley","2120","7",945
"574","5","Yale University","2085","5",945
"575","6","Brown University","2015","6",945
"576","7","University of Washington","1939","3",945
"577","8","Syracuse University","1805","8",945
"578","9","University of Michigan","1601","9",945
"579","10","University of Pennsylvania","1586","10",945
"580","11","University of Virginia","1353","11",945
"581","12","The Ohio State University","1306","12",945
"582","13","Duke University","1239","13",945
"583","14","University of Tennessee","1051","15",945
"584","15","Rutgers University","1049","14",945
"585","16","Indiana University","958","16",945
"586","17","Oregon State University","584","18",945
"587","18","Harvard-Radcliffe","462","19",945
"588","19","Washington State University","274","NR",945
"589","20","University of Southern California","265","17",945
"590","Rank","Team","Points","Previous",939
"591","1","Stanford University","2617","1",939
"592","2","Princeton University","2357","3",939
"593","3","University of Washington","2340","2",939
"594","4","University of Texas","2205","4",939
"595","5","Yale University","2118","5",939
"596","6","Brown University","2008","6",939
"597","7","University of California, Berkeley","1766","7",939
"598","8","Syracuse University","1729","8",939
"599","9","University of Michigan","1656","9",939
"600","10","University of Pennsylvania","1608","10",939
"601","11","University of Virginia","1388","11",939
"602","12","The Ohio State University","1358","12",939
"603","13","Duke University","1257","15",939
"604","14","Rutgers University","1077","13",939
"605","15","University of Tennessee","966","16",939
"606","16","Indiana University","903","14",939
"607","17","University of Southern California","537","17",939
"608","18","Oregon State University","454","20",939
"609","19","Harvard-Radcliffe","445","18",939
"610","20","University of California, Los Angeles","439","19",939
"611","Rank","Team (First Place Votes)","Previous","Points",924
"612","1","Princeton University","1","2380",924
"613","2","University of Texas","2","2351",924
"614","3","Yale University","3","2220",924
"615","4","Stanford University","4","2152",924
"616","5","University of Washington","6","1940",924
"617","6","University of Pennsylvania","8","1907",924
"618","7","Brown University","5","1833",924
"619","8","University of Virginia","9","1581",924
"620","9","University of California, Berkeley","7","1573",924
"621","10","Syracuse University","10","1390",924
"622","11","University of Michigan","11","1374",924
"623","12","The Ohio State University","13","1285",924
"624","13","Southern Methodist University","12","1146",924
"625","14","Duke University","14","1118",924
"626","15","Rutgers University","16","822",924
"627","16","Indiana University","15","800",924
"628","17","Harvard-Radcliffe","17","524",924
"629","18","University of Southern California","NR","523",924
"630","19","Oregon State University","19","427",924
"631","20","University of Tennessee","NR","353",924
"632","Rank","Team (First Place Votes)","Previous","Points",914
"633","1","Princeton University (18)","1","2452",914
"634","2","University of Texas","2","2354",914
"635","3","Yale University","3","2252",914
"636","4","Stanford University (1)","4","2203",914
"637","5","Brown University","5","1947",914
"638","6","University of Washington","6","1884",914
"639","7","University of California, Berkeley","7","1766",914
"640","8","University of Pennsylvania","8","1656",914
"641","9","University of Virginia","9","1506",914
"642","10","Syracuse University","10","1495",914
"643","11","University of Michigan","11","1399",914
"644","12","Southern Methodist University","12","1238",914
"645","13","The Ohio State University","13","1157",914
"646","14","Duke University","14","1149",914
"647","15","Indiana University","16","762",914
"648","16","Rutgers University","18","627",914
"649","17","Harvard-Radcliffe","15","580",914
"650","18","University of Iowa","NR","480",914
"651","19","Oregon State University","NR","451",914
"652","20","Columbia University","20","335",914
"653","Rank","Team (First Place Votes)","Previous","Votes",903
"654","1","Princeton University (20)","4","2710",903
"655","2","University of Texas","1","2598",903
"656","3","Yale University","3","2505",903
"657","4","Stanford University (1)","2","2444",903
"658","5","Brown University","5","2124",903
"659","6","University of Washington","6","2058",903
"660","7","University of California, Berkeley","7","1937",903
"661","8","University of Pennsylvania","8","1726",903
"662","9","University of Virginia","10","1655",903
"663","10","Syracuse University","9","1565",903
"664","11","University of Michigan","11","1543",903
"665","12","Southern Methodist University","13","1389",903
"666","13","The Ohio State University","12","1285",903
"667","14","Duke University","14","1283",903
"668","15","Harvard-Radcliffe","15","807",903
"669","16","Indiana University","20","792",903
"670","17","University of Southern California","17","648",903
"671","18","Rutgers University","16","634",903
"672","19","University of Tennessee","NR","383",903
"673","20","Columbia University","NR","360",903
"674","Rank","Team (First Place Votes)","Previous","Votes",896
"675","1","University of Texas (22)","1","2858",896
"676","2","Stanford University","2","2645",896
"677","3","Yale University","3","2594",896
"678","4","Princeton University","4","2371",896
"679","5","Brown University","T-6","2202",896
"680","6","University of Washington","5","2146",896
"681","7","University of California, Berkeley","T-6","2010",896
"682","8","University of Pennsylvania","10","1834",896
"683","9","Syracuse University","8","1769",896
"684","10","University of Virginia","9","1764",896
"685","11","University of Michigan","11","1656",896
"686","12","The Ohio State University","12","1513",896
"687","13","Southern Methodist University","13","1481",896
"688","14","Duke University","14","1180",896
"689","15","Harvard-Radcliffe","15","1016",896
"690","16","Rutgers University","16","730",896
"691","17","University of Southern California","17","701",896
"692","18","Oregon State University","18","475",896
"693","19","University of Iowa","T-19","386",896
"694","20","Indiana University","T-19","348",896
"695","Rank","Team (First Place Votes)","Votes","Previous",881
"696","1","University of Texas (22)","2874","1",881
"697","2","Stanford University","2709","2",881
"698","3","Yale University","2645","3",881
"699","4","Princeton University","2391","4",881
"700","5","University of Washington","2264","5",881
"701","6","Brown University","2224","6",881
"702","7","University of California, Berkeley","2217","7",881
"703","8","Syracuse University","1833","10",881
"704","9","University of Pennsylvania","1782","8",881
"705","10","University of Virginia","1761","11",881
"706","11","The Ohio State University","1511","14",881
"707","12","Duke University","1414","12",881
"708","13","University of Michigan","1322","9",881
"709","14","Harvard-Radcliffe","1278","15",881
"710","15","Southern Methodist University","1110","13",881
"711","16","University of Southern California","731","16",881
"712","17","Oregon State University","699","17",881
"713","18","University of Tennessee","497","18",881
"714","19","University of Alabama","471","NR",881
"715","20","Indiana University","329","19",881
"716","Rank","Team (First Place Votes)","Votes","Previous",868
"717","1","University of Texas (25)","499","1",868
"718","2","Stanford University","452","2",868
"719","3","Brown University","407","5",868
"720","4","Yale University","398","3",868
"721","5","Princeton University","382","4",868
"722","6","University of Washington","367","7",868
"723","7","Ohio State University","356","9",868
"724","8","University of Michigan","344","6",868
"725","9","University of Virginia","285","16",868
"726","10","University of California, Berkeley","271","10",868
"727","11","University of Pennsylvania","255","8",868
"728","12","Southern Methodist University","222","12",868
"729","13","Syracuse University","217","11",868
"730","14","Duke University","163","14",868
"731","15","Oregon State University","151","13",868
"732","16","Rutgers University","133","18",868
"733","17","Indiana University","110","17",868
"734","18","University of Southern California","109","15",868
"735","19","University of Tennessee","25","20",868
"736","20","University of Miami","19","NR",868
"737","Rank","Team (First Place Votes)","Votes","Previous",860
"738","1","University of Texas (25)","499","1",860
"739","2","Stanford University","458","2",860
"740","3","Yale University","440","3",860
"741","4","Princeton University","398","4",860
"742","5","Brown University","385","5",860
"743","6","University of Michigan","361","6",860
"744","7","University of Washington","320","8",860
"745","8","University of Pennsylvania","311","7",860
"746","9","Ohio State University","274","9",860
"747","10","University of California, Berkeley","271","10",860
"748","11","Syracuse University","260","11",860
"749","12","Southern Methodist University","224","12",860
"750","13","Oregon State University","180","13",860
"751","14","Duke University","176","14",860
"752","15","University of Southern California","160","16",860
"753","16","University of Virginia","159","15",860
"754","17","Indiana University","126","17",860
"755","18","Rutgers University","117","18",860
"756","19","Washington State University","41","19",860
"757","20","University of Tennessee","39","20",860
"758","Rank","Team (First Place Votes)","Votes","Previous",854
"759","1","University of Texas (25)","494","1",854
"760","2","Stanford University","460","2",854
"761","3","Yale University","441","3",854
"762","4","Princeton University","396","4",854
"763","5","Brown University","386","5",854
"764","6","University of Michigan","365","6",854
"765","7","University of Pennsylvania","311","8",854
"766","8","University of Washington","308","7",854
"767","9","Ohio State University","281","10",854
"768","10","University of California, Berkeley","268","9",854
"769","11","Syracuse University","254","11",854
"770","12","Southern Methodist University","228","16",854
"771","13","Oregon State University","179","15",854
"772","14","Duke University","175","13",854
"773","15","University of Virginia","161","14",854
"774","16","University of Southern California","153","12",854
"775","17","Indiana University","126","18",854
"776","18","Rutgers University","125","17",854
"777","19","Washington State University","45","20",854
"778","20","University of Tennessee","43","19",854
"779","Rank","Team (First Place Votes)","Votes","Previous",849
"780","1","University of Texas (24)","497","1",849
"781","2","Stanford University (1)","460","2",849
"782","3","Yale University","438","3",849
"783","4","Princeton University","406","4",849
"784","5","Brown University","390","5",849
"785","6","University of Michigan","360","6",849
"786","7","University of Washington","303","10",849
"787","8","University of Pennsylvania","293","9",849
"788","9","University of California, Berkeley","285","7",849
"789","10","Ohio State University","284","8",849
"790","11","Syracuse University","254","15",849
"791","12","University of Southern California","191","12",849
"792","13","Duke University","182","11",849
"793","14","University of Virginia","175","13",849
"794","15","Oregon State University","174","14",849
"795","16","Southern Methodist University","132","17",849
"796","17","Rutgers University","125","16",849
"797","18","Indiana University","123","18",849
"798","19","University of Tennessee","83","19",849
"799","20","Washington State University","38","20",849
"800","Rank","Team (First Place Votes)","Votes","Previous",837
"801","1","University of Texas (24)","497","1",837
"802","2","Stanford University (1)","457","2",837
"803","3","Yale University","437","3",837
"804","4","Princeton University","397","4",837
"805","5","Brown University","380","7",837
"806","6","University of Michigan","366","6",837
"807","7","University of California, Berkeley","324","5",837
"808","8","Ohio State University","294","8",837
"809","9","University of Pennsylvania","252","11",837
"810","10","University of Washington","251","9",837
"811","11","Duke University","236","10",837
"812","12","University of Southern California","213","13",837
"813","13","University of Virginia","190","12",837
"814","14","Oregon State University","175","15",837
"815","15","Syracuse University","168","14",837
"816","16","Rutgers University","167","17",837
"817","17","Southern Methodist University","138","16",837
"818","18","Indiana University","130","20",837
"819","19","University of Tennessee","77","18",837
"820","20","Washington State University","51","19",837
"821","Rank","Team (First Place Votes)","Votes","Previous",827
"822","1","University of Texas (24)","498","1",827
"823","2","Stanford University (1)","457","4",827
"824","3","Yale University","452","2",827
"825","4","Princeton University","368","5",827
"826","5","University of California, Berkeley","337","3",827
"827","6","University of Michigan","334","6",827
"828","7","Brown University","329","7",827
"829","8","Ohio State University","279","9",827
"830","9","University of Washington","264","8",827
"831","10","Duke University","253","11",827
"832","11","University of Pennsylvania","252","15",827
"833","12","University of Virginia","243","10",827
"834","13","University of Southern California","227","12",827
"835","14","Syracuse University","191","14",827
"836","15","Oregon State University","187","18",827
"837","16","Southern Methodist University","153","16",827
"838","17","Rutgers University","135","13",827
"839","18","University of Tennessee","103","17",827
"840","19","Washington State University","60","NR",827
"841","20","Indiana University","40","20",827
"842","Rank","Team (First Place Votes)","Votes","Previous",825
"843","1","University of Texas (23)","497","1",825
"844","2","Yale University","450","2",825
"845","3","University of California, Berkeley","405","3",825
"846","4","Stanford University (2)","366","5",825
"847","5","Princeton University","362","6",825
"848","6","University of Michigan","361","4",825
"849","7","Brown University","334","7",825
"850","8","University of Washington","330","8",825
"851","9","Ohio State University","297","9",825
"852","10","University of Virginia","279","11",825
"853","11","Duke University","277","12",825
"854","12","University of Southern California","253","10",825
"855","13","Rutgers University","172","13",825
"856","14","Syracuse University","157","14",825
"857","15","University of Pennsylvania","148","16",825
"858","16","Southern Methodist University","147","15",825
"859","17","University of Tennessee","116","17",825
"860","18","Oregon State University","62","19",825
"861","19","University of Alabama","61","18",825
"862","20","Indiana University","58","20",825
"863","1","University of Texas","2614","1",983
"864","2","Stanford University","2528","2",983
"865","3","Princeton University","2320","3",983
"866","4","University of California, Berkeley","2189","4",983
"867","5","University of Tennessee","2129","5",983
"868","6","Yale University","1996","7",983
"869","7","Brown University","1963","6",983
"870","8","University of Washington","1769","8",983
"871","9","University of Michigan","1596","9",983
"872","10","Syracuse University","1547","10",983
"873","11","University of Pennsylvania","1353","11",983
"874","12","The Ohio State University","1287","12",983
"875","13","Rutgers University","1175","13",983
"876","14","Indiana University","1079","14",983
"877","15","Duke University","1075","15",983
"878","16","University of Virginia","956","16",983
"879","17","Washington State University","491","17",983
"880","18","Columbia University","338","18",983
"881","19","University of Alabama","328","19",983
"882","20","Harvard-Radcliffe","307","20",983
"883","1","University of Texas","2614","1",977
"884","2","Stanford University","2531","2",977
"885","3","Princeton University","2308","3",977
"886","4","University of California, Berkeley","2161","4",977
"887","5","University of Tennessee","2152","5",977
"888","6","Brown University","2005","7",977
"889","7","Yale University","2001","6",977
"890","8","University of Washington","1749","8",977
"891","9","University of Michigan","1591","9",977
"892","10","Syracuse University","1531","10",977
"893","11","University of Pennsylvania","1369","11",977
"894","12","The Ohio State University","1285","12",977
"895","13","Rutgers University","1194","13",977
"896","14","Indiana University","1096","15",977
"897","15","Duke University","1066","14",977
"898","16","University of Virginia","938","16",977
"899","17","Washington State University","480","17",977
"900","18","University of Alabama","326","18",977
"901","19","Columbia University","311","19",977
"902","20","Harvard-Radcliffe","297","20",977
"903","1","University of Texas","2614","2",969
"904","2","Stanford University","2528","1",969
"905","3","Princeton University","2308","3",969
"906","4","University of California, Berkeley","2201","4",969
"907","5","University of Tennessee","2133","5",969
"908","6","Yale University","2005","6",969
"909","7","Brown University","1953","7",969
"910","8","University of Washington","1780","8",969
"911","9","University of Michigan","1593","9",969
"912","10","Syracuse University","1542","10",969
"913","11","University of Pennsylvania","1362","11",969
"914","12","The Ohio State University","1265","14",969
"915","13","Rutgers University","1154","13",969
"916","14","Duke University","1086","16",969
"917","15","Indiana University","1078","15",969
"918","16","University of Virginia","961","12",969
"919","17","Washington State University","433","18",969
"920","18","University of Alabama","305","NR",969
"921","19","Columbia University","284","19",969
"922","20","Harvard-Radcliffe","281","20",969
"923","1","Stanford University","2605","1",961
"924","2","University of Texas","2522","2",961
"925","3","Princeton University","2319","3",961
"926","4","University of California, Berkeley","2184","4",961
"927","5","University of Tennessee","2066","15",961
"928","6","Yale University","2063","6",961
"929","7","Brown University","1956","5",961
"930","8","University of Washington","1770","7",961
"931","9","University of Michigan","1606","9",961
"932","10","Syracuse University","1534","8",961
"933","11","University of Pennsylvania","1405","10",961
"934","12","University of Virginia","1202","11",961
"935","13","Rutgers University","1157","13",961
"936","14","The Ohio State University","1144","12",961
"937","15","Indiana University","1109","16",961
"938","16","Duke University","1053","14",961
"939","17","Oregon State University","718","17",961
"940","18","Washington State University","256","19",961
"941","19","Columbia University","244","20",961
"942","20","Harvard-Radcliffe","242","18",961
"943","1","Stanford University","2503","1",951
"944","2","University of Texas","2411","2",951
"945","3","Princeton University","2263","3",951
"946","4","University of California, Berkeley","2077","4",951
"947","5","Brown University","2007","6",951
"948","6","Yale University","1983","5",951
"949","7","University of Washington","1783","7",951
"950","8","Syracuse University","1666","8",951
"951","9","University of Michigan","1601","9",951
"952","10","University of Pennsylvania","1464","10",951
"953","11","University of Virginia","1281","11",951
"954","12","The Ohio State University","1213","12",951
"955","13","Rutgers University","1143","15",951
"956","14","Duke University","1132","13",951
"957","15","University of Tennessee","1023","14",951
"958","16","Indiana University","921","16",951
"959","17","Oregon State University","715","17",951
"960","18","Harvard-Radcliffe","303","18",951
"961","19","Washington State University","297","19",951
"962","20","Columbia University","249","NR",951
"963","1","Stanford University","2577","1",945
"964","2","University of Texas","2530","4",945
"965","3","Princeton University","2398","2",945
"966","4","University of California, Berkeley","2120","7",945
"967","5","Yale University","2085","5",945
"968","6","Brown University","2015","6",945
"969","7","University of Washington","1939","3",945
"970","8","Syracuse University","1805","8",945
"971","9","University of Michigan","1601","9",945
"972","10","University of Pennsylvania","1586","10",945
"973","11","University of Virginia","1353","11",945
"974","12","The Ohio State University","1306","12",945
"975","13","Duke University","1239","13",945
"976","14","University of Tennessee","1051","15",945
"977","15","Rutgers University","1049","14",945
"978","16","Indiana University","958","16",945
"979","17","Oregon State University","584","18",945
"980","18","Harvard-Radcliffe","462","19",945
"981","19","Washington State University","274","NR",945
"982","20","University of Southern California","265","17",945
"983","1","Stanford University","2617","1",939
"984","2","Princeton University","2357","3",939
"985","3","University of Washington","2340","2",939
"986","4","University of Texas","2205","4",939
"987","5","Yale University","2118","5",939
"988","6","Brown University","2008","6",939
"989","7","University of California, Berkeley","1766","7",939
"990","8","Syracuse University","1729","8",939
"991","9","University of Michigan","1656","9",939
"992","10","University of Pennsylvania","1608","10",939
"993","11","University of Virginia","1388","11",939
"994","12","The Ohio State University","1358","12",939
"995","13","Duke University","1257","15",939
"996","14","Rutgers University","1077","13",939
"997","15","University of Tennessee","966","16",939
"998","16","Indiana University","903","14",939
"999","17","University of Southern California","537","17",939
"1000","18","Oregon State University","454","20",939
"1001","19","Harvard-Radcliffe","445","18",939
"1002","20","University of California, Los Angeles","439","19",939
"1003","1","Princeton University","1","2380",924
"1004","2","University of Texas","2","2351",924
"1005","3","Yale University","3","2220",924
"1006","4","Stanford University","4","2152",924
"1007","5","University of Washington","6","1940",924
"1008","6","University of Pennsylvania","8","1907",924
"1009","7","Brown University","5","1833",924
"1010","8","University of Virginia","9","1581",924
"1011","9","University of California, Berkeley","7","1573",924
"1012","10","Syracuse University","10","1390",924
"1013","11","University of Michigan","11","1374",924
"1014","12","The Ohio State University","13","1285",924
"1015","13","Southern Methodist University","12","1146",924
"1016","14","Duke University","14","1118",924
"1017","15","Rutgers University","16","822",924
"1018","16","Indiana University","15","800",924
"1019","17","Harvard-Radcliffe","17","524",924
"1020","18","University of Southern California","NR","523",924
"1021","19","Oregon State University","19","427",924
"1022","20","University of Tennessee","NR","353",924
"1023","1","Princeton University (18)","1","2452",914
"1024","2","University of Texas","2","2354",914
"1025","3","Yale University","3","2252",914
"1026","4","Stanford University (1)","4","2203",914
"1027","5","Brown University","5","1947",914
"1028","6","University of Washington","6","1884",914
"1029","7","University of California, Berkeley","7","1766",914
"1030","8","University of Pennsylvania","8","1656",914
"1031","9","University of Virginia","9","1506",914
"1032","10","Syracuse University","10","1495",914
"1033","11","University of Michigan","11","1399",914
"1034","12","Southern Methodist University","12","1238",914
"1035","13","The Ohio State University","13","1157",914
"1036","14","Duke University","14","1149",914
"1037","15","Indiana University","16","762",914
"1038","16","Rutgers University","18","627",914
"1039","17","Harvard-Radcliffe","15","580",914
"1040","18","University of Iowa","NR","480",914
"1041","19","Oregon State University","NR","451",914
"1042","20","Columbia University","20","335",914
"1043","1","Princeton University (20)","4","2710",903
"1044","2","University of Texas","1","2598",903
"1045","3","Yale University","3","2505",903
"1046","4","Stanford University (1)","2","2444",903
"1047","5","Brown University","5","2124",903
"1048","6","University of Washington","6","2058",903
"1049","7","University of California, Berkeley","7","1937",903
"1050","8","University of Pennsylvania","8","1726",903
"1051","9","University of Virginia","10","1655",903
"1052","10","Syracuse University","9","1565",903
"1053","11","University of Michigan","11","1543",903
"1054","12","Southern Methodist University","13","1389",903
"1055","13","The Ohio State University","12","1285",903
"1056","14","Duke University","14","1283",903
"1057","15","Harvard-Radcliffe","15","807",903
"1058","16","Indiana University","20","792",903
"1059","17","University of Southern California","17","648",903
"1060","18","Rutgers University","16","634",903
"1061","19","University of Tennessee","NR","383",903
"1062","20","Columbia University","NR","360",903
"1063","1","University of Texas (22)","1","2858",896
"1064","2","Stanford University","2","2645",896
"1065","3","Yale University","3","2594",896
"1066","4","Princeton University","4","2371",896
"1067","5","Brown University","T-6","2202",896
"1068","6","University of Washington","5","2146",896
"1069","7","University of California, Berkeley","T-6","2010",896
"1070","8","University of Pennsylvania","10","1834",896
"1071","9","Syracuse University","8","1769",896
"1072","10","University of Virginia","9","1764",896
"1073","11","University of Michigan","11","1656",896
"1074","12","The Ohio State University","12","1513",896
"1075","13","Southern Methodist University","13","1481",896
"1076","14","Duke University","14","1180",896
"1077","15","Harvard-Radcliffe","15","1016",896
"1078","16","Rutgers University","16","730",896
"1079","17","University of Southern California","17","701",896
"1080","18","Oregon State University","18","475",896
"1081","19","University of Iowa","T-19","386",896
"1082","20","Indiana University","T-19","348",896
"1083","1","University of Texas (22)","2874","1",881
"1084","2","Stanford University","2709","2",881
"1085","3","Yale University","2645","3",881
"1086","4","Princeton University","2391","4",881
"1087","5","University of Washington","2264","5",881
"1088","6","Brown University","2224","6",881
"1089","7","University of California, Berkeley","2217","7",881
"1090","8","Syracuse University","1833","10",881
"1091","9","University of Pennsylvania","1782","8",881
"1092","10","University of Virginia","1761","11",881
"1093","11","The Ohio State University","1511","14",881
"1094","12","Duke University","1414","12",881
"1095","13","University of Michigan","1322","9",881
"1096","14","Harvard-Radcliffe","1278","15",881
"1097","15","Southern Methodist University","1110","13",881
"1098","16","University of Southern California","731","16",881
"1099","17","Oregon State University","699","17",881
"1100","18","University of Tennessee","497","18",881
"1101","19","University of Alabama","471","NR",881
"1102","20","Indiana University","329","19",881
"1103","1","University of Texas (25)","499","1",868
"1104","2","Stanford University","452","2",868
"1105","3","Brown University","407","5",868
"1106","4","Yale University","398","3",868
"1107","5","Princeton University","382","4",868
"1108","6","University of Washington","367","7",868
"1109","7","Ohio State University","356","9",868
"1110","8","University of Michigan","344","6",868
"1111","9","University of Virginia","285","16",868
"1112","10","University of California, Berkeley","271","10",868
"1113","11","University of Pennsylvania","255","8",868
"1114","12","Southern Methodist University","222","12",868
"1115","13","Syracuse University","217","11",868
"1116","14","Duke University","163","14",868
"1117","15","Oregon State University","151","13",868
"1118","16","Rutgers University","133","18",868
"1119","17","Indiana University","110","17",868
"1120","18","University of Southern California","109","15",868
"1121","19","University of Tennessee","25","20",868
"1122","20","University of Miami","19","NR",868
"1123","1","University of Texas (25)","499","1",860
"1124","2","Stanford University","458","2",860
"1125","3","Yale University","440","3",860
"1126","4","Princeton University","398","4",860
"1127","5","Brown University","385","5",860
"1128","6","University of Michigan","361","6",860
"1129","7","University of Washington","320","8",860
"1130","8","University of Pennsylvania","311","7",860
"1131","9","Ohio State University","274","9",860
"1132","10","University of California, Berkeley","271","10",860
"1133","11","Syracuse University","260","11",860
"1134","12","Southern Methodist University","224","12",860
"1135","13","Oregon State University","180","13",860
"1136","14","Duke University","176","14",860
"1137","15","University of Southern California","160","16",860
"1138","16","University of Virginia","159","15",860
"1139","17","Indiana University","126","17",860
"1140","18","Rutgers University","117","18",860
"1141","19","Washington State University","41","19",860
"1142","20","University of Tennessee","39","20",860
"1143","1","University of Texas (25)","494","1",854
"1144","2","Stanford University","460","2",854
"1145","3","Yale University","441","3",854
"1146","4","Princeton University","396","4",854
"1147","5","Brown University","386","5",854
"1148","6","University of Michigan","365","6",854
"1149","7","University of Pennsylvania","311","8",854
"1150","8","University of Washington","308","7",854
"1151","9","Ohio State University","281","10",854
"1152","10","University of California, Berkeley","268","9",854
"1153","11","Syracuse University","254","11",854
"1154","12","Southern Methodist University","228","16",854
"1155","13","Oregon State University","179","15",854
"1156","14","Duke University","175","13",854
"1157","15","University of Virginia","161","14",854
"1158","16","University of Southern California","153","12",854
"1159","17","Indiana University","126","18",854
"1160","18","Rutgers University","125","17",854
"1161","19","Washington State University","45","20",854
"1162","20","University of Tennessee","43","19",854
"1163","1","University of Texas (24)","497","1",849
"1164","2","Stanford University (1)","460","2",849
"1165","3","Yale University","438","3",849
"1166","4","Princeton University","406","4",849
"1167","5","Brown University","390","5",849
"1168","6","University of Michigan","360","6",849
"1169","7","University of Washington","303","10",849
"1170","8","University of Pennsylvania","293","9",849
"1171","9","University of California, Berkeley","285","7",849
"1172","10","Ohio State University","284","8",849
"1173","11","Syracuse University","254","15",849
"1174","12","University of Southern California","191","12",849
"1175","13","Duke University","182","11",849
"1176","14","University of Virginia","175","13",849
"1177","15","Oregon State University","174","14",849
"1178","16","Southern Methodist University","132","17",849
"1179","17","Rutgers University","125","16",849
"1180","18","Indiana University","123","18",849
"1181","19","University of Tennessee","83","19",849
"1182","20","Washington State University","38","20",849
"1183","1","University of Texas (24)","497","1",837
"1184","2","Stanford University (1)","457","2",837
"1185","3","Yale University","437","3",837
"1186","4","Princeton University","397","4",837
"1187","5","Brown University","380","7",837
"1188","6","University of Michigan","366","6",837
"1189","7","University of California, Berkeley","324","5",837
"1190","8","Ohio State University","294","8",837
"1191","9","University of Pennsylvania","252","11",837
"1192","10","University of Washington","251","9",837
"1193","11","Duke University","236","10",837
"1194","12","University of Southern California","213","13",837
"1195","13","University of Virginia","190","12",837
"1196","14","Oregon State University","175","15",837
"1197","15","Syracuse University","168","14",837
"1198","16","Rutgers University","167","17",837
"1199","17","Southern Methodist University","138","16",837
"1200","18","Indiana University","130","20",837
"1201","19","University of Tennessee","77","18",837
"1202","20","Washington State University","51","19",837
"1203","1","University of Texas (24)","498","1",827
"1204","2","Stanford University (1)","457","4",827
"1205","3","Yale University","452","2",827
"1206","4","Princeton University","368","5",827
"1207","5","University of California, Berkeley","337","3",827
"1208","6","University of Michigan","334","6",827
"1209","7","Brown University","329","7",827
"1210","8","Ohio State University","279","9",827
"1211","9","University of Washington","264","8",827
"1212","10","Duke University","253","11",827
"1213","11","University of Pennsylvania","252","15",827
"1214","12","University of Virginia","243","10",827
"1215","13","University of Southern California","227","12",827
"1216","14","Syracuse University","191","14",827
"1217","15","Oregon State University","187","18",827
"1218","16","Southern Methodist University","153","16",827
"1219","17","Rutgers University","135","13",827
"1220","18","University of Tennessee","103","17",827
"1221","19","Washington State University","60","NR",827
"1222","20","Indiana University","40","20",827
"1223","1","University of Texas (23)","497","1",825
"1224","2","Yale University","450","2",825
"1225","3","University of California, Berkeley","405","3",825
"1226","4","Stanford University (2)","366","5",825
"1227","5","Princeton University","362","6",825
"1228","6","University of Michigan","361","4",825
"1229","7","Brown University","334","7",825
"1230","8","University of Washington","330","8",825
"1231","9","Ohio State University","297","9",825
"1232","10","University of Virginia","279","11",825
"1233","11","Duke University","277","12",825
"1234","12","University of Southern California","253","10",825
"1235","13","Rutgers University","172","13",825
"1236","14","Syracuse University","157","14",825
"1237","15","University of Pennsylvania","148","16",825
"1238","16","Southern Methodist University","147","15",825
"1239","17","University of Tennessee","116","17",825
"1240","18","Oregon State University","62","19",825
"1241","19","University of Alabama","61","18",825
"1242","20","Indiana University","58","20",825
"1243","Rank","Team","Points","Previous",983
"1244","1","University of Texas","2614","1",983
"1245","2","Stanford University","2528","2",983
"1246","3","Princeton University","2320","3",983
"1247","4","University of California, Berkeley","2189","4",983
"1248","5","University of Tennessee","2129","5",983
"1249","6","Yale University","1996","7",983
"1250","7","Brown University","1963","6",983
"1251","8","University of Washington","1769","8",983
"1252","9","University of Michigan","1596","9",983
"1253","10","Syracuse University","1547","10",983
"1254","11","University of Pennsylvania","1353","11",983
"1255","12","The Ohio State University","1287","12",983
"1256","13","Rutgers University","1175","13",983
"1257","14","Indiana University","1079","14",983
"1258","15","Duke University","1075","15",983
"1259","16","University of Virginia","956","16",983
"1260","17","Washington State University","491","17",983
"1261","18","Columbia University","338","18",983
"1262","19","University of Alabama","328","19",983
"1263","20","Harvard-Radcliffe","307","20",983
"1264","Rank","Team","Points","Previous",977
"1265","1","University of Texas","2614","1",977
"1266","2","Stanford University","2531","2",977
"1267","3","Princeton University","2308","3",977
"1268","4","University of California, Berkeley","2161","4",977
"1269","5","University of Tennessee","2152","5",977
"1270","6","Brown University","2005","7",977
"1271","7","Yale University","2001","6",977
"1272","8","University of Washington","1749","8",977
"1273","9","University of Michigan","1591","9",977
"1274","10","Syracuse University","1531","10",977
"1275","11","University of Pennsylvania","1369","11",977
"1276","12","The Ohio State University","1285","12",977
"1277","13","Rutgers University","1194","13",977
"1278","14","Indiana University","1096","15",977
"1279","15","Duke University","1066","14",977
"1280","16","University of Virginia","938","16",977
"1281","17","Washington State University","480","17",977
"1282","18","University of Alabama","326","18",977
"1283","19","Columbia University","311","19",977
"1284","20","Harvard-Radcliffe","297","20",977
"1285","Rank","Team","Points","Previous",969
"1286","1","University of Texas","2614","2",969
"1287","2","Stanford University","2528","1",969
"1288","3","Princeton University","2308","3",969
"1289","4","University of California, Berkeley","2201","4",969
"1290","5","University of Tennessee","2133","5",969
"1291","6","Yale University","2005","6",969
"1292","7","Brown University","1953","7",969
"1293","8","University of Washington","1780","8",969
"1294","9","University of Michigan","1593","9",969
"1295","10","Syracuse University","1542","10",969
"1296","11","University of Pennsylvania","1362","11",969
"1297","12","The Ohio State University","1265","14",969
"1298","13","Rutgers University","1154","13",969
"1299","14","Duke University","1086","16",969
"1300","15","Indiana University","1078","15",969
"1301","16","University of Virginia","961","12",969
"1302","17","Washington State University","433","18",969
"1303","18","University of Alabama","305","NR",969
"1304","19","Columbia University","284","19",969
"1305","20","Harvard-Radcliffe","281","20",969
"1306","Rank","Team","Points","Previous",961
"1307","1","Stanford University","2605","1",961
"1308","2","University of Texas","2522","2",961
"1309","3","Princeton University","2319","3",961
"1310","4","University of California, Berkeley","2184","4",961
"1311","5","University of Tennessee","2066","15",961
"1312","6","Yale University","2063","6",961
"1313","7","Brown University","1956","5",961
"1314","8","University of Washington","1770","7",961
"1315","9","University of Michigan","1606","9",961
"1316","10","Syracuse University","1534","8",961
"1317","11","University of Pennsylvania","1405","10",961
"1318","12","University of Virginia","1202","11",961
"1319","13","Rutgers University","1157","13",961
"1320","14","The Ohio State University","1144","12",961
"1321","15","Indiana University","1109","16",961
"1322","16","Duke University","1053","14",961
"1323","17","Oregon State University","718","17",961
"1324","18","Washington State University","256","19",961
"1325","19","Columbia University","244","20",961
"1326","20","Harvard-Radcliffe","242","18",961
"1327","Rank","Team","Points","Previous",951
"1328","1","Stanford University","2503","1",951
"1329","2","University of Texas","2411","2",951
"1330","3","Princeton University","2263","3",951
"1331","4","University of California, Berkeley","2077","4",951
"1332","5","Brown University","2007","6",951
"1333","6","Yale University","1983","5",951
"1334","7","University of Washington","1783","7",951
"1335","8","Syracuse University","1666","8",951
"1336","9","University of Michigan","1601","9",951
"1337","10","University of Pennsylvania","1464","10",951
"1338","11","University of Virginia","1281","11",951
"1339","12","The Ohio State University","1213","12",951
"1340","13","Rutgers University","1143","15",951
"1341","14","Duke University","1132","13",951
"1342","15","University of Tennessee","1023","14",951
"1343","16","Indiana University","921","16",951
"1344","17","Oregon State University","715","17",951
"1345","18","Harvard-Radcliffe","303","18",951
"1346","19","Washington State University","297","19",951
"1347","20","Columbia University","249","NR",951
"1348","Rank","Team","Points","Previous",945
"1349","1","Stanford University","2577","1",945
"1350","2","University of Texas","2530","4",945
"1351","3","Princeton University","2398","2",945
"1352","4","University of California, Berkeley","2120","7",945
"1353","5","Yale University","2085","5",945
"1354","6","Brown University","2015","6",945
"1355","7","University of Washington","1939","3",945
"1356","8","Syracuse University","1805","8",945
"1357","9","University of Michigan","1601","9",945
"1358","10","University of Pennsylvania","1586","10",945
"1359","11","University of Virginia","1353","11",945
"1360","12","The Ohio State University","1306","12",945
"1361","13","Duke University","1239","13",945
"1362","14","University of Tennessee","1051","15",945
"1363","15","Rutgers University","1049","14",945
"1364","16","Indiana University","958","16",945
"1365","17","Oregon State University","584","18",945
"1366","18","Harvard-Radcliffe","462","19",945
"1367","19","Washington State University","274","NR",945
"1368","20","University of Southern California","265","17",945
"1369","Rank","Team","Points","Previous",939
"1370","1","Stanford University","2617","1",939
"1371","2","Princeton University","2357","3",939
"1372","3","University of Washington","2340","2",939
"1373","4","University of Texas","2205","4",939
"1374","5","Yale University","2118","5",939
"1375","6","Brown University","2008","6",939
"1376","7","University of California, Berkeley","1766","7",939
"1377","8","Syracuse University","1729","8",939
"1378","9","University of Michigan","1656","9",939
"1379","10","University of Pennsylvania","1608","10",939
"1380","11","University of Virginia","1388","11",939
"1381","12","The Ohio State University","1358","12",939
"1382","13","Duke University","1257","15",939
"1383","14","Rutgers University","1077","13",939
"1384","15","University of Tennessee","966","16",939
"1385","16","Indiana University","903","14",939
"1386","17","University of Southern California","537","17",939
"1387","18","Oregon State University","454","20",939
"1388","19","Harvard-Radcliffe","445","18",939
"1389","20","University of California, Los Angeles","439","19",939
"1390","Rank","Team (First Place Votes)","Previous","Points",924
"1391","1","Princeton University","1","2380",924
"1392","2","University of Texas","2","2351",924
"1393","3","Yale University","3","2220",924
"1394","4","Stanford University","4","2152",924
"1395","5","University of Washington","6","1940",924
"1396","6","University of Pennsylvania","8","1907",924
"1397","7","Brown University","5","1833",924
"1398","8","University of Virginia","9","1581",924
"1399","9","University of California, Berkeley","7","1573",924
"1400","10","Syracuse University","10","1390",924
"1401","11","University of Michigan","11","1374",924
"1402","12","The Ohio State University","13","1285",924
"1403","13","Southern Methodist University","12","1146",924
"1404","14","Duke University","14","1118",924
"1405","15","Rutgers University","16","822",924
"1406","16","Indiana University","15","800",924
"1407","17","Harvard-Radcliffe","17","524",924
"1408","18","University of Southern California","NR","523",924
"1409","19","Oregon State University","19","427",924
"1410","20","University of Tennessee","NR","353",924
"1411","Rank","Team (First Place Votes)","Previous","Points",914
"1412","1","Princeton University (18)","1","2452",914
"1413","2","University of Texas","2","2354",914
"1414","3","Yale University","3","2252",914
"1415","4","Stanford University (1)","4","2203",914
"1416","5","Brown University","5","1947",914
"1417","6","University of Washington","6","1884",914
"1418","7","University of California, Berkeley","7","1766",914
"1419","8","University of Pennsylvania","8","1656",914
"1420","9","University of Virginia","9","1506",914
"1421","10","Syracuse University","10","1495",914
"1422","11","University of Michigan","11","1399",914
"1423","12","Southern Methodist University","12","1238",914
"1424","13","The Ohio State University","13","1157",914
"1425","14","Duke University","14","1149",914
"1426","15","Indiana University","16","762",914
"1427","16","Rutgers University","18","627",914
"1428","17","Harvard-Radcliffe","15","580",914
"1429","18","University of Iowa","NR","480",914
"1430","19","Oregon State University","NR","451",914
"1431","20","Columbia University","20","335",914
"1432","Rank","Team (First Place Votes)","Previous","Votes",903
"1433","1","Princeton University (20)","4","2710",903
"1434","2","University of Texas","1","2598",903
"1435","3","Yale University","3","2505",903
"1436","4","Stanford University (1)","2","2444",903
"1437","5","Brown University","5","2124",903
"1438","6","University of Washington","6","2058",903
"1439","7","University of California, Berkeley","7","1937",903
"1440","8","University of Pennsylvania","8","1726",903
"1441","9","University of Virginia","10","1655",903
"1442","10","Syracuse University","9","1565",903
"1443","11","University of Michigan","11","1543",903
"1444","12","Southern Methodist University","13","1389",903
"1445","13","The Ohio State University","12","1285",903
"1446","14","Duke University","14","1283",903
"1447","15","Harvard-Radcliffe","15","807",903
"1448","16","Indiana University","20","792",903
"1449","17","University of Southern California","17","648",903
"1450","18","Rutgers University","16","634",903
"1451","19","University of Tennessee","NR","383",903
"1452","20","Columbia University","NR","360",903
"1453","Rank","Team (First Place Votes)","Previous","Votes",896
"1454","1","University of Texas (22)","1","2858",896
"1455","2","Stanford University","2","2645",896
"1456","3","Yale University","3","2594",896
"1457","4","Princeton University","4","2371",896
"1458","5","Brown University","T-6","2202",896
"1459","6","University of Washington","5","2146",896
"1460","7","University of California, Berkeley","T-6","2010",896
"1461","8","University of Pennsylvania","10","1834",896
"1462","9","Syracuse University","8","1769",896
"1463","10","University of Virginia","9","1764",896
"1464","11","University of Michigan","11","1656",896
"1465","12","The Ohio State University","12","1513",896
"1466","13","Southern Methodist University","13","1481",896
"1467","14","Duke University","14","1180",896
"1468","15","Harvard-Radcliffe","15","1016",896
"1469","16","Rutgers University","16","730",896
"1470","17","University of Southern California","17","701",896
"1471","18","Oregon State University","18","475",896
"1472","19","University of Iowa","T-19","386",896
"1473","20","Indiana University","T-19","348",896
"1474","Rank","Team (First Place Votes)","Votes","Previous",881
"1475","1","University of Texas (22)","2874","1",881
"1476","2","Stanford University","2709","2",881
"1477","3","Yale University","2645","3",881
"1478","4","Princeton University","2391","4",881
"1479","5","University of Washington","2264","5",881
"1480","6","Brown University","2224","6",881
"1481","7","University of California, Berkeley","2217","7",881
"1482","8","Syracuse University","1833","10",881
"1483","9","University of Pennsylvania","1782","8",881
"1484","10","University of Virginia","1761","11",881
"1485","11","The Ohio State University","1511","14",881
"1486","12","Duke University","1414","12",881
"1487","13","University of Michigan","1322","9",881
"1488","14","Harvard-Radcliffe","1278","15",881
"1489","15","Southern Methodist University","1110","13",881
"1490","16","University of Southern California","731","16",881
"1491","17","Oregon State University","699","17",881
"1492","18","University of Tennessee","497","18",881
"1493","19","University of Alabama","471","NR",881
"1494","20","Indiana University","329","19",881
"1495","Rank","Team (First Place Votes)","Votes","Previous",868
"1496","1","University of Texas (25)","499","1",868
"1497","2","Stanford University","452","2",868
"1498","3","Brown University","407","5",868
"1499","4","Yale University","398","3",868
"1500","5","Princeton University","382","4",868
"1501","6","University of Washington","367","7",868
"1502","7","Ohio State University","356","9",868
"1503","8","University of Michigan","344","6",868
"1504","9","University of Virginia","285","16",868
"1505","10","University of California, Berkeley","271","10",868
"1506","11","University of Pennsylvania","255","8",868
"1507","12","Southern Methodist University","222","12",868
"1508","13","Syracuse University","217","11",868
"1509","14","Duke University","163","14",868
"1510","15","Oregon State University","151","13",868
"1511","16","Rutgers University","133","18",868
"1512","17","Indiana University","110","17",868
"1513","18","University of Southern California","109","15",868
"1514","19","University of Tennessee","25","20",868
"1515","20","University of Miami","19","NR",868
"1516","Rank","Team (First Place Votes)","Votes","Previous",860
"1517","1","University of Texas (25)","499","1",860
"1518","2","Stanford University","458","2",860
"1519","3","Yale University","440","3",860
"1520","4","Princeton University","398","4",860
"1521","5","Brown University","385","5",860
"1522","6","University of Michigan","361","6",860
"1523","7","University of Washington","320","8",860
"1524","8","University of Pennsylvania","311","7",860
"1525","9","Ohio State University","274","9",860
"1526","10","University of California, Berkeley","271","10",860
"1527","11","Syracuse University","260","11",860
"1528","12","Southern Methodist University","224","12",860
"1529","13","Oregon State University","180","13",860
"1530","14","Duke University","176","14",860
"1531","15","University of Southern California","160","16",860
"1532","16","University of Virginia","159","15",860
"1533","17","Indiana University","126","17",860
"1534","18","Rutgers University","117","18",860
"1535","19","Washington State University","41","19",860
"1536","20","University of Tennessee","39","20",860
"1537","Rank","Team (First Place Votes)","Votes","Previous",854
"1538","1","University of Texas (25)","494","1",854
"1539","2","Stanford University","460","2",854
"1540","3","Yale University","441","3",854
"1541","4","Princeton University","396","4",854
"1542","5","Brown University","386","5",854
"1543","6","University of Michigan","365","6",854
"1544","7","University of Pennsylvania","311","8",854
"1545","8","University of Washington","308","7",854
"1546","9","Ohio State University","281","10",854
"1547","10","University of California, Berkeley","268","9",854
"1548","11","Syracuse University","254","11",854
"1549","12","Southern Methodist University","228","16",854
"1550","13","Oregon State University","179","15",854
"1551","14","Duke University","175","13",854
"1552","15","University of Virginia","161","14",854
"1553","16","University of Southern California","153","12",854
"1554","17","Indiana University","126","18",854
"1555","18","Rutgers University","125","17",854
"1556","19","Washington State University","45","20",854
"1557","20","University of Tennessee","43","19",854
"1558","Rank","Team (First Place Votes)","Votes","Previous",849
"1559","1","University of Texas (24)","497","1",849
"1560","2","Stanford University (1)","460","2",849
"1561","3","Yale University","438","3",849
"1562","4","Princeton University","406","4",849
"1563","5","Brown University","390","5",849
"1564","6","University of Michigan","360","6",849
"1565","7","University of Washington","303","10",849
"1566","8","University of Pennsylvania","293","9",849
"1567","9","University of California, Berkeley","285","7",849
"1568","10","Ohio State University","284","8",849
"1569","11","Syracuse University","254","15",849
"1570","12","University of Southern California","191","12",849
"1571","13","Duke University","182","11",849
"1572","14","University of Virginia","175","13",849
"1573","15","Oregon State University","174","14",849
"1574","16","Southern Methodist University","132","17",849
"1575","17","Rutgers University","125","16",849
"1576","18","Indiana University","123","18",849
"1577","19","University of Tennessee","83","19",849
"1578","20","Washington State University","38","20",849
"1579","Rank","Team (First Place Votes)","Votes","Previous",837
"1580","1","University of Texas (24)","497","1",837
"1581","2","Stanford University (1)","457","2",837
"1582","3","Yale University","437","3",837
"1583","4","Princeton University","397","4",837
"1584","5","Brown University","380","7",837
"1585","6","University of Michigan","366","6",837
"1586","7","University of California, Berkeley","324","5",837
"1587","8","Ohio State University","294","8",837
"1588","9","University of Pennsylvania","252","11",837
"1589","10","University of Washington","251","9",837
"1590","11","Duke University","236","10",837
"1591","12","University of Southern California","213","13",837
"1592","13","University of Virginia","190","12",837
"1593","14","Oregon State University","175","15",837
"1594","15","Syracuse University","168","14",837
"1595","16","Rutgers University","167","17",837
"1596","17","Southern Methodist University","138","16",837
"1597","18","Indiana University","130","20",837
"1598","19","University of Tennessee","77","18",837
"1599","20","Washington State University","51","19",837
"1600","Rank","Team (First Place Votes)","Votes","Previous",827
"1601","1","University of Texas (24)","498","1",827
"1602","2","Stanford University (1)","457","4",827
"1603","3","Yale University","452","2",827
"1604","4","Princeton University","368","5",827
"1605","5","University of California, Berkeley","337","3",827
"1606","6","University of Michigan","334","6",827
"1607","7","Brown University","329","7",827
"1608","8","Ohio State University","279","9",827
"1609","9","University of Washington","264","8",827
"1610","10","Duke University","253","11",827
"1611","11","University of Pennsylvania","252","15",827
"1612","12","University of Virginia","243","10",827
"1613","13","University of Southern California","227","12",827
"1614","14","Syracuse University","191","14",827
"1615","15","Oregon State University","187","18",827
"1616","16","Southern Methodist University","153","16",827
"1617","17","Rutgers University","135","13",827
"1618","18","University of Tennessee","103","17",827
"1619","19","Washington State University","60","NR",827
"1620","20","Indiana University","40","20",827
"1621","Rank","Team (First Place Votes)","Votes","Previous",825
"1622","1","University of Texas (23)","497","1",825
"1623","2","Yale University","450","2",825
"1624","3","University of California, Berkeley","405","3",825
"1625","4","Stanford University (2)","366","5",825
"1626","5","Princeton University","362","6",825
"1627","6","University of Michigan","361","4",825
"1628","7","Brown University","334","7",825
"1629","8","University of Washington","330","8",825
"1630","9","Ohio State University","297","9",825
"1631","10","University of Virginia","279","11",825
"1632","11","Duke University","277","12",825
"1633","12","University of Southern California","253","10",825
"1634","13","Rutgers University","172","13",825
"1635","14","Syracuse University","157","14",825
"1636","15","University of Pennsylvania","148","16",825
"1637","16","Southern Methodist University","147","15",825
"1638","17","University of Tennessee","116","17",825
"1639","18","Oregon State University","62","19",825
"1640","19","University of Alabama","61","18",825
"1641","20","Indiana University","58","20",825
